{"training_loss": [0.744849443435669, 0.6800896525382996, 0.6211919784545898, 0.4596945643424988, 0.3572474420070648, 0.14649489521980286, 0.07585778087377548, 0.04981484264135361, 0.06189963221549988, 0.05210628733038902], "_runtime": 123, "_timestamp": 1633243699, "_step": 0, "_wandb": {"runtime": 125}}