{"validation_accuracy": 0.5590277777777778, "validation_loss": 0.6874206364154816, "_runtime": 700, "_timestamp": 1629363328, "_step": 3, "_wandb": {"runtime": 1051}}