{"training_loss": 0.5688915178179741, "_runtime": 1581, "_timestamp": 1633290519, "_step": 7, "validation_accuracy": 0.5161290322580645, "validation_loss": 0.7897024750709534, "_wandb": {"runtime": 1615}}