{"training_loss": 0.7057563588023186, "_runtime": 350, "_timestamp": 1633269471, "_step": 1, "validation_accuracy": 0.6129032258064516, "validation_loss": 0.6776854395866394}