{"training_loss": 0.684610053896904, "_runtime": 497, "_timestamp": 1629366479, "_step": 5, "validation_accuracy": 0.6701388888888888, "validation_loss": 0.6885110139846802}