{"training_loss": 0.5454383213073015, "_runtime": 1434, "_timestamp": 1633271172, "_step": 7, "validation_accuracy": 0.5483870967741935, "validation_loss": 0.7019265294075012, "_wandb": {"runtime": 1468}}