{"training_loss": 0.609493974596262, "_runtime": 1622, "_timestamp": 1633328384, "_step": 7, "validation_accuracy": 0.5806451612903226, "validation_loss": 0.691477358341217, "_wandb": {"runtime": 1657}}